aac_pssm0,aac_pssm1,aac_pssm2,aac_pssm3,aac_pssm4,aac_pssm5,aac_pssm6,aac_pssm7,aac_pssm8,aac_pssm9,aac_pssm10,aac_pssm11,aac_pssm12,aac_pssm13,aac_pssm14,aac_pssm15,aac_pssm16,aac_pssm17,aac_pssm18,aac_pssm19
-0.606779661017,-0.640677966102,-0.437288135593,-0.827118644068,-2.14915254237,-0.28813559322,-0.301694915254,-1.55254237288,-0.898305084746,-1.21016949153,-1.27118644068,-0.230508474576,-0.796610169492,-1.53220338983,-1.57966101695,-0.237288135593,-0.349152542373,-2.5186440678,-1.21355932203,-1.03728813559
-0.628571428571,-1.55102040816,-1.46530612245,-1.55510204082,-2.41224489796,-1.28571428571,-1.37551020408,-1.93469387755,-1.63673469388,-1.31836734694,-1.46530612245,-1.35102040816,-1.10204081633,-2.0612244898,-1.82040816327,-0.934693877551,-0.975510204082,-3.02857142857,-1.95918367347,-1.0612244898
