pse_pssm0,pse_pssm1,pse_pssm2,pse_pssm3,pse_pssm4,pse_pssm5,pse_pssm6,pse_pssm7,pse_pssm8,pse_pssm9,pse_pssm10,pse_pssm11,pse_pssm12,pse_pssm13,pse_pssm14,pse_pssm15,pse_pssm16,pse_pssm17,pse_pssm18,pse_pssm19,pse_pssm20,pse_pssm21,pse_pssm22,pse_pssm23,pse_pssm24,pse_pssm25,pse_pssm26,pse_pssm27,pse_pssm28,pse_pssm29,pse_pssm30,pse_pssm31,pse_pssm32,pse_pssm33,pse_pssm34,pse_pssm35,pse_pssm36,pse_pssm37,pse_pssm38,pse_pssm39
0.249024495662,0.17873467687,0.271159784754,0.0477178720408,-0.57971559636,0.353969517874,0.333093862804,-0.251558034881,-0.0148396399936,-0.10832075349,-0.151067890173,0.400972955564,0.0847837797445,-0.310880884912,-0.30990542127,0.420755460039,0.369190304789,-0.806741645754,-0.170205453648,-0.00616738966211,1.35783317789,1.71364187784,1.95787976035,2.39087653877,1.07927122747,1.33611331758,2.04038966499,2.26332224582,1.6102628743,2.61905573967,2.48825255725,1.99004136329,1.3350831789,2.45516779561,1.49400397206,1.27159998434,1.15871206161,1.05247565742,1.52020449149,1.85185538872
0.535069304091,0.0273594888906,0.0282221398159,-0.0290081902259,-0.382084179295,0.149182825031,0.094395519917,-0.152177551943,-0.0923889362769,0.0578014664175,0.00610769468062,0.112457365204,0.16718718521,-0.316314670693,-0.116003235257,0.338784912904,0.317055843096,-0.706109927858,-0.248448017876,0.208910964168,2.43159775511,1.8834953266,1.77579151944,3.22056332771,0.919181650406,1.12907394921,1.60701670689,2.27156163214,1.7585953423,3.29665358711,2.66139412369,1.26328021325,1.90323295116,2.22803044813,2.52358480053,1.3189623112,0.990595697598,1.035432035,1.11936430257,2.948121922
